date,precipitation_mm,rain_mm,discharge_m3s,city,risk_label,rain_lag1,rain_lag3,discharge_lag1,discharge_lag3,rain_3day_avg,discharge_7day_avg,month,day_of_year,is_monsoon,city_encoded
2025-08-09,,,4.5335007,Abbottabad,GREEN,,,,,,,8,221,1,0
2025-08-10,,,4.675446,Abbottabad,GREEN,,,4.5335007,,,,8,222,1,0
2025-08-11,,,4.1760683,Abbottabad,GREEN,,,4.675446,,,,8,223,1,0
2025-08-12,,,3.666594,Abbottabad,GREEN,,,4.1760683,4.5335007,,,8,224,1,0
2025-08-13,,,4.7676644,Abbottabad,GREEN,,,3.666594,4.675446,,,8,225,1,0
2025-08-14,,,4.7809606,Abbottabad,GREEN,,,4.7676644,4.1760683,,,8,226,1,0
2025-08-15,,,7.165824,Abbottabad,GREEN,,,4.7809606,3.666594,,4.823722571428571,8,227,1,0
2025-08-16,,,5.9342585,Abbottabad,GREEN,,,7.165824,4.7676644,,5.023830828571429,8,228,1,0
2025-08-17,,,4.7543993,Abbottabad,GREEN,,,5.9342585,4.7809606,,5.035109871428571,8,229,1,0
2025-08-18,,,5.295062,Abbottabad,GREEN,,,4.7543993,7.165824,,5.194966114285714,8,230,1,0
2025-08-19,,,13.689264,Abbottabad,GREEN,,,5.295062,5.9342585,,6.626776114285714,8,231,1,0
2025-08-20,,,7.1096106,Abbottabad,GREEN,,,13.689264,4.7543993,,6.961339857142856,8,232,1,0
2025-08-21,,,5.08135,Abbottabad,GREEN,,,7.1096106,5.295062,,7.004252628571428,8,233,1,0
2025-08-22,,,4.7016425,Abbottabad,GREEN,,,5.08135,13.689264,,6.6522267,8,234,1,0
2025-08-23,,,4.1522865,Abbottabad,GREEN,,,4.7016425,7.1096106,,6.397659271428571,8,235,1,0
2025-08-24,,,5.591739,Abbottabad,GREEN,,,4.1522865,5.08135,,6.517279228571428,8,236,1,0
2025-08-25,,,8.660509,Abbottabad,GREEN,,,5.591739,4.7016425,,6.998057371428571,8,237,1,0
2025-08-26,,,7.2985086,Abbottabad,GREEN,,,8.660509,4.1522865,,6.085092314285714,8,238,1,0
2025-08-27,,,5.886523,Abbottabad,GREEN,,,7.2985086,5.591739,,5.910365514285714,8,239,1,0
2025-08-28,,,4.8076444,Abbottabad,GREEN,,,5.886523,8.660509,,5.871264714285714,8,240,1,0
2025-08-29,,,4.3456435,Abbottabad,GREEN,,,4.8076444,7.2985086,,5.8204077142857145,8,241,1,0
2025-08-30,,,4.597576,Abbottabad,GREEN,,,4.3456435,5.886523,,5.884020499999999,8,242,1,0
2025-08-31,,,4.956621,Abbottabad,GREEN,,,4.597576,4.8076444,,5.793289357142858,8,243,1,0
2025-09-01,,,6.014553,Abbottabad,GREEN,,,4.956621,4.3456435,,5.415295642857143,9,244,1,0
2025-09-02,,,5.5614524,Abbottabad,GREEN,,,6.014553,4.597576,,5.167144757142857,9,245,1,0
2025-09-03,,,5.7920365,Abbottabad,GREEN,,,5.5614524,4.956621,,5.1536466857142855,9,246,1,0
2025-09-04,,,5.295062,Abbottabad,GREEN,,,5.7920365,6.014553,,5.223277771428571,9,247,1,0
2025-09-05,0.0,0.0,4.7016425,Abbottabad,GREEN,,,5.295062,5.5614524,,5.274134771428572,9,248,1,0
2025-09-06,0.0,0.0,4.847901,Abbottabad,GREEN,0.0,,4.7016425,5.7920365,,5.309895485714286,9,249,1,0
2025-09-07,0.0,0.0,4.248075,Abbottabad,GREEN,0.0,,4.847901,5.295062,0.0,5.208674628571429,9,250,1,0
2025-09-08,0.0,0.0,4.3579664,Abbottabad,GREEN,0.0,0.0,4.248075,4.7016425,0.0,4.9720194,9,251,1,0
2025-09-09,0.0,0.0,4.5207744,Abbottabad,GREEN,0.0,0.0,4.3579664,4.847901,0.0,4.823351114285714,9,252,1,0
2025-09-10,0.0,0.0,4.1286135,Abbottabad,GREEN,0.0,0.0,4.5207744,4.248075,0.0,4.585719257142857,9,253,1,0
2025-09-11,0.0,0.0,3.3151908,Abbottabad,GREEN,0.0,0.0,4.1286135,4.3579664,0.0,4.302880514285714,9,254,1,0
2025-09-12,0.0,0.0,2.9264493,Abbottabad,GREEN,0.0,0.0,3.3151908,4.5207744,0.0,4.049281485714286,9,255,1,0
2025-09-13,0.0,0.0,2.758374,Abbottabad,GREEN,0.0,0.0,2.9264493,4.1286135,0.0,3.7507776285714285,9,256,1,0
2025-09-14,0.0,0.0,2.74973,Abbottabad,GREEN,0.0,0.0,2.758374,3.3151908,0.0,3.5367283428571428,9,257,1,0
2025-09-15,0.0,0.0,2.8194427,Abbottabad,GREEN,0.0,0.0,2.74973,2.9264493,0.0,3.316939242857143,9,258,1,0
2025-09-16,0.0,0.0,3.0457587,Abbottabad,GREEN,0.0,0.0,2.8194427,2.758374,0.0,3.1062227142857144,9,259,1,0
2025-09-17,0.0,0.0,2.8018937,Abbottabad,GREEN,0.0,0.0,3.0457587,2.74973,0.0,2.9166913142857145,9,260,1,0
2025-09-18,0.0,0.0,2.672823,Abbottabad,GREEN,0.0,0.0,2.8018937,2.8194427,0.0,2.8249244857142854,9,261,1,0
2025-09-19,0.0,0.0,3.0926065,Abbottabad,GREEN,0.0,0.0,2.672823,3.0457587,0.0,2.848661228571429,9,262,1,0
2025-09-20,0.0,0.0,2.5237086,Abbottabad,GREEN,0.0,0.0,3.0926065,2.8018937,0.0,2.8151376,9,263,1,0
2025-09-21,0.0,0.0,2.2359364,Abbottabad,GREEN,0.0,0.0,2.5237086,2.672823,0.0,2.7417385142857142,9,264,1,0
2025-09-22,0.0,0.0,1.9444218,Abbottabad,GREEN,0.0,0.0,2.2359364,3.0926065,0.0,2.6167355285714287,9,265,1,0
2025-09-23,0.0,0.0,1.8054338,Abbottabad,GREEN,0.0,0.0,1.9444218,2.5237086,0.0,2.439546257142857,9,266,1,0
2025-09-24,0.0,0.0,1.6977394,Abbottabad,GREEN,0.0,0.0,1.8054338,2.2359364,0.0,2.2818099285714286,9,267,1,0
2025-09-25,5.0,0.0,1.6001594,Abbottabad,GREEN,0.0,0.0,1.6977394,1.9444218,0.0,2.1285722714285713,9,268,1,0
2025-09-26,0.0,0.0,1.8183827,Abbottabad,GREEN,0.0,0.0,1.6001594,1.8054338,0.0,1.9465403000000001,9,269,1,0
2025-09-27,0.0,0.0,1.6181831,Abbottabad,GREEN,0.0,0.0,1.8183827,1.6977394,0.0,1.8171795142857141,9,270,1,0
2025-09-28,0.0,0.0,1.3604782,Abbottabad,GREEN,0.0,0.0,1.6181831,1.6001594,0.0,1.6921140571428572,9,271,1,0
2025-09-29,0.0,0.0,1.2750974,Abbottabad,GREEN,0.0,0.0,1.3604782,1.8183827,0.0,1.5964962857142857,9,272,1,0
2025-09-30,0.0,0.0,1.1928048,Abbottabad,GREEN,0.0,0.0,1.2750974,1.6181831,0.0,1.5089778571428571,9,273,1,0
2025-10-01,0.0,0.0,1.1183612,Abbottabad,GREEN,0.0,0.0,1.1928048,1.3604782,0.0,1.4262095428571429,10,274,0,0
2025-10-02,2.3,0.0,1.0464447,Abbottabad,GREEN,0.0,0.0,1.1183612,1.2750974,0.0,1.3471074428571426,10,275,0,0
2025-10-03,2.8999999,0.0,1.3120646,Abbottabad,GREEN,0.0,0.0,1.0464447,1.1928048,0.0,1.2747762857142857,10,276,0,0
2025-10-04,0.3,0.0,1.1478305,Abbottabad,GREEN,0.0,0.0,1.3120646,1.1183612,0.0,1.2075830571428572,10,277,0,0
2025-10-05,9.1,0.0,1.1727014,Abbottabad,GREEN,0.0,0.0,1.1478305,1.0464447,0.0,1.1807578,10,278,0,0
2025-10-06,29.2,4.7000003,3.655861,Abbottabad,GREEN,0.0,0.0,1.1727014,1.3120646,1.5666667666666667,1.5208668857142857,10,279,0,0
2025-10-07,2.3000002,0.0,7.8104887,Abbottabad,GREEN,4.7000003,0.0,3.655861,1.1478305,1.5666667666666667,2.4662502999999996,10,280,0,0
2025-10-08,0.2,0.0,4.2844524,Abbottabad,GREEN,0.0,0.0,7.8104887,1.1727014,1.5666667666666667,2.9185490428571432,10,281,0,0
2025-10-09,0.0,0.0,2.1841977,Abbottabad,GREEN,0.0,4.7000003,4.2844524,3.655861,0.0,3.0810851857142856,10,282,0,0
2025-10-10,0.3,0.0,1.6181831,Abbottabad,GREEN,0.0,0.0,2.1841977,7.8104887,0.0,3.1248164,10,283,0,0
2025-10-11,0.0,0.0,1.4378109,Abbottabad,GREEN,0.0,0.0,1.6181831,4.2844524,0.0,3.1662421714285713,10,284,0,0
2025-10-12,0.0,0.0,1.2961485,Abbottabad,GREEN,0.0,0.0,1.4378109,2.1841977,0.0,3.183877471428571,10,285,0,0
2025-10-13,0.0,0.0,1.2029264,Abbottabad,GREEN,0.0,0.0,1.2961485,1.6181831,0.0,2.833458242857142,10,286,0,0
2025-10-14,0.0,0.0,1.1183612,Abbottabad,GREEN,0.0,0.0,1.2029264,1.4378109,0.0,1.8774400285714286,10,287,0,0
2025-10-15,0.0,0.0,1.0464447,Abbottabad,GREEN,0.0,0.0,1.1183612,1.2961485,0.0,1.4148675,10,288,0,0
2025-10-16,0.0,0.0,0.9769696,Abbottabad,GREEN,0.0,0.0,1.0464447,1.2029264,0.0,1.2424063428571428,10,289,0,0
2025-10-17,0.0,0.0,0.914256,Abbottabad,GREEN,0.0,0.0,0.9769696,1.1183612,0.0,1.1418453285714285,10,290,0,0
2025-10-18,0.0,0.0,0.8535316,Abbottabad,GREEN,0.0,0.0,0.914256,1.0464447,0.0,1.0583768571428571,10,291,0,0
2025-10-19,0.0,0.0,0.7988709,Abbottabad,GREEN,0.0,0.0,0.8535316,0.9769696,0.0,0.9873371999999999,10,292,0,0
2025-10-20,0.0,0.0,0.74180686,Abbottabad,GREEN,0.0,0.0,0.7988709,0.914256,0.0,0.92146298,10,293,0,0
2025-10-21,0.0,0.0,0.69433784,Abbottabad,GREEN,0.0,0.0,0.74180686,0.8535316,0.0,0.8608882142857143,10,294,0,0
2025-10-22,0.0,0.0,0.65576994,Abbottabad,GREEN,0.0,0.0,0.69433784,0.7988709,0.0,0.8050775342857143,10,295,0,0
2025-10-23,0.0,0.0,0.61808,Abbottabad,GREEN,0.0,0.0,0.65576994,0.74180686,0.0,0.7538075914285715,10,296,0,0
2025-10-24,0.0,0.0,0.5703628,Abbottabad,GREEN,0.0,0.0,0.61808,0.69433784,0.0,0.7046799914285715,10,297,0,0
2025-10-25,0.0,0.0,0.64058983,Abbottabad,GREEN,0.0,0.0,0.5703628,0.65576994,0.0,0.6742597385714285,10,298,0,0
2025-10-26,0.0,0.0,0.5848932,Abbottabad,GREEN,0.0,0.0,0.64058983,0.61808,0.0,0.6436914957142857,10,299,0,0
2025-10-27,0.0,0.0,0.54525447,Abbottabad,GREEN,0.0,0.0,0.5848932,0.5703628,0.0,0.6156125828571428,10,300,0,0
2025-10-28,0.0,0.0,0.50660706,Abbottabad,GREEN,0.0,0.0,0.54525447,0.64058983,0.0,0.5887939,10,301,0,0
2025-10-29,0.0,0.0,0.4689263,Abbottabad,GREEN,0.0,0.0,0.50660706,0.5848932,0.0,0.5621019514285714,10,302,0,0
2025-10-30,0.0,0.0,0.42889392,Abbottabad,GREEN,0.0,0.0,0.4689263,0.54525447,0.0,0.5350753685714286,10,303,0,0
2025-10-31,0.0,0.0,0.39958727,Abbottabad,GREEN,0.0,0.0,0.42889392,0.50660706,0.0,0.5106788642857143,10,304,0,0
2025-11-01,0.0,0.0,0.36772883,Abbottabad,GREEN,0.0,0.0,0.39958727,0.4689263,0.0,0.47169872142857144,11,305,0,0
2025-11-02,0.0,0.0,0.33659554,Abbottabad,GREEN,0.0,0.0,0.36772883,0.42889392,0.0,0.4362276271428572,11,306,0,0
2025-11-03,0.0,0.0,0.31219995,Abbottabad,GREEN,0.0,0.0,0.33659554,0.39958727,0.0,0.4029341242857143,11,307,0,0
2025-11-04,13.9,0.0,0.28233063,Abbottabad,GREEN,0.0,0.0,0.31219995,0.36772883,0.0,0.3708946342857143,11,308,0,0
2025-11-05,0.0,0.0,1.9241524,Abbottabad,GREEN,0.0,0.0,0.28233063,0.33659554,0.0,0.5787840771428571,11,309,0,0
2025-11-06,0.0,0.0,1.0558906,Abbottabad,GREEN,0.0,0.0,1.9241524,0.31219995,0.0,0.6683550314285714,11,310,0,0
2025-11-07,0.0,0.0,0.686553,Abbottabad,GREEN,0.0,0.0,1.0558906,0.28233063,0.0,0.7093501357142856,11,311,0,0
2025-11-08,0.0,0.0,0.46217716,Abbottabad,GREEN,0.0,0.0,0.686553,1.9241524,0.0,0.7228427542857142,11,312,0,0
2025-11-09,0.0,0.0,0.38995266,Abbottabad,GREEN,0.0,0.0,0.46217716,1.0558906,0.0,0.7304652,11,313,0,0
2025-11-10,0.0,0.0,0.34276497,Abbottabad,GREEN,0.0,0.0,0.38995266,0.686553,0.0,0.7348316314285714,11,314,0,0
2025-11-11,0.0,0.0,0.30617082,Abbottabad,GREEN,0.0,0.0,0.34276497,0.46217716,0.0,0.7382373728571429,11,315,0,0
2025-11-12,0.0,0.0,0.27350307,Abbottabad,GREEN,0.0,0.0,0.30617082,0.38995266,0.0,0.5024303257142857,11,316,0,0
2025-11-13,0.0,0.0,0.25025904,Abbottabad,GREEN,0.0,0.0,0.27350307,0.34276497,0.0,0.3873401028571428,11,317,0,0
2025-11-14,0.0,0.0,0.22743928,Abbottabad,GREEN,0.0,0.0,0.25025904,0.30617082,0.0,0.3217524285714286,11,318,0,0
2025-11-15,0.0,0.0,0.20226443,Abbottabad,GREEN,0.0,0.0,0.22743928,0.27350307,0.0,0.2846220385714286,11,319,0,0
2025-11-16,0.0,0.0,0.19398808,Abbottabad,GREEN,0.0,0.0,0.20226443,0.25025904,0.0,0.25662709857142857,11,320,0,0
2025-11-17,0.0,0.0,0.18850219,Abbottabad,GREEN,0.0,0.0,0.19398808,0.22743928,0.0,0.23458955857142857,11,321,0,0
2025-11-18,0.0,0.0,0.18850219,Abbottabad,GREEN,0.0,0.0,0.18850219,0.20226443,0.0,0.21777975428571428,11,322,0,0
2025-11-19,0.0,0.0,0.18032062,Abbottabad,GREEN,0.0,0.0,0.18850219,0.19398808,0.0,0.2044679757142857,11,323,0,0
2025-11-20,0.0,0.0,0.18032062,Abbottabad,GREEN,0.0,0.0,0.18032062,0.18850219,0.0,0.19447677285714285,11,324,0,0
2025-11-21,0.0,0.0,0.18032062,Abbottabad,GREEN,0.0,0.0,0.18032062,0.18850219,0.0,0.1877455357142857,11,325,0,0
2025-11-22,0.0,0.0,0.18032062,Abbottabad,GREEN,0.0,0.0,0.18032062,0.18032062,0.0,0.18461070571428567,11,326,0,0
2025-11-23,0.0,0.0,0.18032062,Abbottabad,GREEN,0.0,0.0,0.18032062,0.18032062,0.0,0.1826582114285714,11,327,0,0
2025-11-24,0.0,0.0,0.17219532,Abbottabad,GREEN,0.0,0.0,0.18032062,0.18032062,0.0,0.18032865857142857,11,328,0,0
2025-11-25,0.0,0.0,0.17219532,Abbottabad,GREEN,0.0,0.0,0.17219532,0.18032062,0.0,0.17799910571428573,11,329,0,0
2025-11-26,0.0,0.0,0.17219532,Abbottabad,GREEN,0.0,0.0,0.17219532,0.18032062,0.0,0.17683834857142858,11,330,0,0
2025-11-27,0.0,0.0,0.17219532,Abbottabad,GREEN,0.0,0.0,0.17219532,0.17219532,0.0,0.17567759142857145,11,331,0,0
2025-11-28,0.0,0.0,0.17219532,Abbottabad,GREEN,0.0,0.0,0.17219532,0.17219532,0.0,0.17451683428571427,11,332,0,0
2025-11-29,0.0,0.0,0.17219532,Abbottabad,GREEN,0.0,0.0,0.17219532,0.17219532,0.0,0.17335607714285714,11,333,0,0
2025-11-30,0.0,0.0,0.17219532,Abbottabad,GREEN,0.0,0.0,0.17219532,0.17219532,0.0,0.17219532,11,334,0,0
2025-12-01,0.0,0.0,0.17219532,Abbottabad,GREEN,0.0,0.0,0.17219532,0.17219532,0.0,0.17219532,12,335,0,0
2025-12-02,0.0,0.0,0.17219532,Abbottabad,GREEN,0.0,0.0,0.17219532,0.17219532,0.0,0.17219532,12,336,0,0
2025-12-03,0.0,0.0,0.1561122,Abbottabad,GREEN,0.0,0.0,0.17219532,0.17219532,0.0,0.16989773142857145,12,337,0,0
2025-12-04,0.0,0.0,0.14024973,Abbottabad,GREEN,0.0,0.0,0.1561122,0.17219532,0.0,0.16533407571428574,12,338,0,0
2025-12-05,0.0,0.0,0.14024973,Abbottabad,GREEN,0.0,0.0,0.14024973,0.17219532,0.0,0.16077042,12,339,0,0
2025-12-06,0.0,0.0,0.14024973,Abbottabad,GREEN,0.0,0.0,0.14024973,0.1561122,0.0,0.15620676428571428,12,340,0,0
2025-08-09,,,0.0,Khairpur,GREEN,,,,,,,8,221,1,1
2025-08-10,,,0.0,Khairpur,GREEN,,,0.0,,,,8,222,1,1
2025-08-11,,,0.0,Khairpur,GREEN,,,0.0,,,,8,223,1,1
2025-08-12,,,0.0,Khairpur,GREEN,,,0.0,0.0,,,8,224,1,1
2025-08-13,,,0.0,Khairpur,GREEN,,,0.0,0.0,,,8,225,1,1
2025-08-14,,,0.0,Khairpur,GREEN,,,0.0,0.0,,,8,226,1,1
2025-08-15,,,0.0,Khairpur,GREEN,,,0.0,0.0,,0.0,8,227,1,1
2025-08-16,,,0.0,Khairpur,GREEN,,,0.0,0.0,,0.0,8,228,1,1
2025-08-17,,,0.0,Khairpur,GREEN,,,0.0,0.0,,0.0,8,229,1,1
2025-08-18,,,0.0,Khairpur,GREEN,,,0.0,0.0,,0.0,8,230,1,1
2025-08-19,,,0.016248703,Khairpur,GREEN,,,0.0,0.0,,0.0023212432857142857,8,231,1,1
2025-08-20,,,0.061695576,Khairpur,GREEN,,,0.016248703,0.0,,0.011134897000000001,8,232,1,1
2025-08-21,,,0.18850219,Khairpur,GREEN,,,0.061695576,0.0,,0.03806378128571429,8,233,1,1
2025-08-22,,,0.2647363,Khairpur,GREEN,,,0.18850219,0.016248703,,0.07588325271428571,8,234,1,1
2025-08-23,,,0.21898961,Khairpur,GREEN,,,0.2647363,0.061695576,,0.1071674827142857,8,235,1,1
2025-08-24,,,0.12460494,Khairpur,GREEN,,,0.21898961,0.18850219,,0.12496818842857141,8,236,1,1
2025-08-25,,,0.07894671,Khairpur,GREEN,,,0.12460494,0.2647363,,0.13624628985714285,8,237,1,1
2025-08-26,,,0.03038609,Khairpur,GREEN,,,0.07894671,0.21898961,,0.13826591657142856,8,238,1,1
2025-08-27,,,0.016248703,Khairpur,GREEN,,,0.03038609,0.12460494,,0.13177350614285713,8,239,1,1
2025-08-28,,,0.0069316626,Khairpur,GREEN,,,0.016248703,0.07894671,,0.10583485937142856,8,240,1,1
2025-08-29,,,0.0069316626,Khairpur,GREEN,,,0.0069316626,0.03038609,,0.06900562545714285,8,241,1,1
2025-08-30,,,0.0069316626,Khairpur,GREEN,,,0.0069316626,0.016248703,,0.038711632971428565,8,242,1,1
2025-08-31,,,0.0069316626,Khairpur,GREEN,,,0.0069316626,0.0069316626,,0.02190116477142857,8,243,1,1
2025-09-01,,,0.0,Khairpur,GREEN,,,0.0069316626,0.0069316626,,0.010623063342857144,9,244,1,1
2025-09-02,,,0.0,Khairpur,GREEN,,,0.0,0.0069316626,,0.006282193342857143,9,245,1,1
2025-09-03,,,0.0,Khairpur,GREEN,,,0.0,0.0069316626,,0.003960950057142857,9,246,1,1
2025-09-04,,,0.0,Khairpur,GREEN,,,0.0,0.0,,0.002970712542857143,9,247,1,1
2025-09-05,0.0,0.0,0.0,Khairpur,GREEN,,,0.0,0.0,,0.0019804750285714284,9,248,1,1
2025-09-06,0.0,0.0,0.0,Khairpur,GREEN,0.0,,0.0,0.0,,0.0009902375142857142,9,249,1,1
2025-09-07,0.0,0.0,0.0,Khairpur,GREEN,0.0,,0.0,0.0,0.0,0.0,9,250,1,1
2025-09-08,0.0,0.0,0.0,Khairpur,GREEN,0.0,0.0,0.0,0.0,0.0,0.0,9,251,1,1
2025-09-09,0.0,0.0,0.023293018,Khairpur,GREEN,0.0,0.0,0.0,0.0,0.0,0.003327574,9,252,1,1
2025-09-10,0.0,0.0,0.29717922,Khairpur,GREEN,0.0,0.0,0.023293018,0.0,0.0,0.04578174828571429,9,253,1,1
2025-09-11,0.0,0.0,0.56314766,Khairpur,GREEN,0.0,0.0,0.29717922,0.0,0.0,0.12623141400000001,9,254,1,1
2025-09-12,0.0,0.0,0.2882495,Khairpur,GREEN,0.0,0.0,0.56314766,0.023293018,0.0,0.16740991400000002,9,255,1,1
2025-09-13,0.0,0.0,0.19398808,Khairpur,GREEN,0.0,0.0,0.2882495,0.29717922,0.0,0.19512249685714286,9,256,1,1
2025-09-14,0.0,0.0,0.12460494,Khairpur,GREEN,0.0,0.0,0.19398808,0.56314766,0.0,0.21292320257142858,9,257,1,1
2025-09-15,0.0,0.0,0.071519256,Khairpur,GREEN,0.0,0.0,0.12460494,0.2882495,0.0,0.22314023914285716,9,258,1,1
2025-09-16,0.0,0.0,0.03038609,Khairpur,GREEN,0.0,0.0,0.071519256,0.19398808,0.0,0.22415353514285716,9,259,1,1
2025-09-17,0.0,0.0,0.016248703,Khairpur,GREEN,0.0,0.0,0.03038609,0.12460494,0.0,0.18402060414285715,9,260,1,1
2025-09-18,0.0,0.0,0.0069316626,Khairpur,GREEN,0.0,0.0,0.016248703,0.071519256,0.0,0.10456117594285715,9,261,1,1
2025-09-19,0.0,0.0,0.0069316626,Khairpur,GREEN,0.0,0.0,0.0069316626,0.03038609,0.0,0.06437291345714286,9,262,1,1
2025-09-20,0.0,0.0,0.0069316626,Khairpur,GREEN,0.0,0.0,0.0069316626,0.016248703,0.0,0.03765056811428571,9,263,1,1
2025-09-21,0.0,0.0,0.0069316626,Khairpur,GREEN,0.0,0.0,0.0069316626,0.0069316626,0.0,0.020840099914285714,9,264,1,1
2025-09-22,0.0,0.0,0.0,Khairpur,GREEN,0.0,0.0,0.0069316626,0.0069316626,0.0,0.010623063342857144,9,265,1,1
2025-09-23,0.0,0.0,0.0,Khairpur,GREEN,0.0,0.0,0.0,0.0069316626,0.0,0.006282193342857143,9,266,1,1
2025-09-24,0.0,0.0,0.0,Khairpur,GREEN,0.0,0.0,0.0,0.0069316626,0.0,0.003960950057142857,9,267,1,1
2025-09-25,0.0,0.0,0.0,Khairpur,GREEN,0.0,0.0,0.0,0.0,0.0,0.002970712542857143,9,268,1,1
2025-09-26,0.0,0.0,0.0,Khairpur,GREEN,0.0,0.0,0.0,0.0,0.0,0.0019804750285714284,9,269,1,1
2025-09-27,0.0,0.0,0.0,Khairpur,GREEN,0.0,0.0,0.0,0.0,0.0,0.0009902375142857142,9,270,1,1
2025-09-28,0.0,0.0,0.0,Khairpur,GREEN,0.0,0.0,0.0,0.0,0.0,0.0,9,271,1,1
2025-09-29,0.0,0.0,0.0,Khairpur,GREEN,0.0,0.0,0.0,0.0,0.0,0.0,9,272,1,1
2025-09-30,0.0,0.0,0.0,Khairpur,GREEN,0.0,0.0,0.0,0.0,0.0,0.0,9,273,1,1
2025-10-01,0.0,0.0,0.0,Khairpur,GREEN,0.0,0.0,0.0,0.0,0.0,0.0,10,274,0,1
2025-10-02,0.0,0.0,0.0,Khairpur,GREEN,0.0,0.0,0.0,0.0,0.0,0.0,10,275,0,1
2025-10-03,0.0,0.0,0.0,Khairpur,GREEN,0.0,0.0,0.0,0.0,0.0,0.0,10,276,0,1
2025-10-04,0.0,0.0,0.0,Khairpur,GREEN,0.0,0.0,0.0,0.0,0.0,0.0,10,277,0,1
2025-10-05,0.0,0.0,0.0,Khairpur,GREEN,0.0,0.0,0.0,0.0,0.0,0.0,10,278,0,1
2025-10-06,0.0,0.0,0.0,Khairpur,GREEN,0.0,0.0,0.0,0.0,0.0,0.0,10,279,0,1
2025-10-07,0.0,0.0,0.0,Khairpur,GREEN,0.0,0.0,0.0,0.0,0.0,0.0,10,280,0,1
2025-10-08,0.0,0.0,0.0,Khairpur,GREEN,0.0,0.0,0.0,0.0,0.0,0.0,10,281,0,1
2025-10-09,0.0,0.0,0.0,Khairpur,GREEN,0.0,0.0,0.0,0.0,0.0,0.0,10,282,0,1
2025-10-10,0.0,0.0,0.0,Khairpur,GREEN,0.0,0.0,0.0,0.0,0.0,0.0,10,283,0,1
2025-10-11,0.0,0.0,0.0,Khairpur,GREEN,0.0,0.0,0.0,0.0,0.0,0.0,10,284,0,1
2025-10-12,0.0,0.0,0.0,Khairpur,GREEN,0.0,0.0,0.0,0.0,0.0,0.0,10,285,0,1
2025-10-13,0.0,0.0,0.0,Khairpur,GREEN,0.0,0.0,0.0,0.0,0.0,0.0,10,286,0,1
2025-10-14,0.0,0.0,0.0,Khairpur,GREEN,0.0,0.0,0.0,0.0,0.0,0.0,10,287,0,1
2025-10-15,0.0,0.0,0.0,Khairpur,GREEN,0.0,0.0,0.0,0.0,0.0,0.0,10,288,0,1
2025-10-16,0.0,0.0,0.0,Khairpur,GREEN,0.0,0.0,0.0,0.0,0.0,0.0,10,289,0,1
2025-10-17,0.0,0.0,0.0,Khairpur,GREEN,0.0,0.0,0.0,0.0,0.0,0.0,10,290,0,1
2025-10-18,0.0,0.0,0.0,Khairpur,GREEN,0.0,0.0,0.0,0.0,0.0,0.0,10,291,0,1
2025-10-19,0.0,0.0,0.0,Khairpur,GREEN,0.0,0.0,0.0,0.0,0.0,0.0,10,292,0,1
2025-10-20,0.0,0.0,0.0,Khairpur,GREEN,0.0,0.0,0.0,0.0,0.0,0.0,10,293,0,1
2025-10-21,0.0,0.0,0.0,Khairpur,GREEN,0.0,0.0,0.0,0.0,0.0,0.0,10,294,0,1
2025-10-22,0.0,0.0,0.0,Khairpur,GREEN,0.0,0.0,0.0,0.0,0.0,0.0,10,295,0,1
2025-10-23,0.0,0.0,0.0,Khairpur,GREEN,0.0,0.0,0.0,0.0,0.0,0.0,10,296,0,1
2025-10-24,0.0,0.0,0.0,Khairpur,GREEN,0.0,0.0,0.0,0.0,0.0,0.0,10,297,0,1
2025-10-25,0.0,0.0,0.0,Khairpur,GREEN,0.0,0.0,0.0,0.0,0.0,0.0,10,298,0,1
2025-10-26,0.0,0.0,0.0,Khairpur,GREEN,0.0,0.0,0.0,0.0,0.0,0.0,10,299,0,1
2025-10-27,0.0,0.0,0.0,Khairpur,GREEN,0.0,0.0,0.0,0.0,0.0,0.0,10,300,0,1
2025-10-28,0.0,0.0,0.0,Khairpur,GREEN,0.0,0.0,0.0,0.0,0.0,0.0,10,301,0,1
2025-10-29,0.0,0.0,0.0,Khairpur,GREEN,0.0,0.0,0.0,0.0,0.0,0.0,10,302,0,1
2025-10-30,0.0,0.0,0.0,Khairpur,GREEN,0.0,0.0,0.0,0.0,0.0,0.0,10,303,0,1
2025-10-31,0.0,0.0,0.0,Khairpur,GREEN,0.0,0.0,0.0,0.0,0.0,0.0,10,304,0,1
2025-11-01,0.0,0.0,0.0,Khairpur,GREEN,0.0,0.0,0.0,0.0,0.0,0.0,11,305,0,1
2025-11-02,0.0,0.0,0.0,Khairpur,GREEN,0.0,0.0,0.0,0.0,0.0,0.0,11,306,0,1
2025-11-03,0.0,0.0,0.0,Khairpur,GREEN,0.0,0.0,0.0,0.0,0.0,0.0,11,307,0,1
2025-11-04,0.0,0.0,0.0,Khairpur,GREEN,0.0,0.0,0.0,0.0,0.0,0.0,11,308,0,1
2025-11-05,0.0,0.0,0.0,Khairpur,GREEN,0.0,0.0,0.0,0.0,0.0,0.0,11,309,0,1
2025-11-06,0.0,0.0,0.0,Khairpur,GREEN,0.0,0.0,0.0,0.0,0.0,0.0,11,310,0,1
2025-11-07,0.0,0.0,0.0,Khairpur,GREEN,0.0,0.0,0.0,0.0,0.0,0.0,11,311,0,1
2025-11-08,0.0,0.0,0.0,Khairpur,GREEN,0.0,0.0,0.0,0.0,0.0,0.0,11,312,0,1
2025-11-09,0.0,0.0,0.0,Khairpur,GREEN,0.0,0.0,0.0,0.0,0.0,0.0,11,313,0,1
2025-11-10,0.0,0.0,0.0,Khairpur,GREEN,0.0,0.0,0.0,0.0,0.0,0.0,11,314,0,1
2025-11-11,0.0,0.0,0.0,Khairpur,GREEN,0.0,0.0,0.0,0.0,0.0,0.0,11,315,0,1
2025-11-12,0.0,0.0,0.0,Khairpur,GREEN,0.0,0.0,0.0,0.0,0.0,0.0,11,316,0,1
2025-11-13,0.0,0.0,0.0,Khairpur,GREEN,0.0,0.0,0.0,0.0,0.0,0.0,11,317,0,1
2025-11-14,0.0,0.0,0.0,Khairpur,GREEN,0.0,0.0,0.0,0.0,0.0,0.0,11,318,0,1
2025-11-15,0.0,0.0,0.0,Khairpur,GREEN,0.0,0.0,0.0,0.0,0.0,0.0,11,319,0,1
2025-11-16,0.0,0.0,0.0,Khairpur,GREEN,0.0,0.0,0.0,0.0,0.0,0.0,11,320,0,1
2025-11-17,0.0,0.0,0.0,Khairpur,GREEN,0.0,0.0,0.0,0.0,0.0,0.0,11,321,0,1
2025-11-18,0.0,0.0,0.0,Khairpur,GREEN,0.0,0.0,0.0,0.0,0.0,0.0,11,322,0,1
2025-11-19,0.0,0.0,0.0,Khairpur,GREEN,0.0,0.0,0.0,0.0,0.0,0.0,11,323,0,1
2025-11-20,0.0,0.0,0.0,Khairpur,GREEN,0.0,0.0,0.0,0.0,0.0,0.0,11,324,0,1
2025-11-21,0.0,0.0,0.0,Khairpur,GREEN,0.0,0.0,0.0,0.0,0.0,0.0,11,325,0,1
2025-11-22,0.0,0.0,0.0,Khairpur,GREEN,0.0,0.0,0.0,0.0,0.0,0.0,11,326,0,1
2025-11-23,0.0,0.0,0.0,Khairpur,GREEN,0.0,0.0,0.0,0.0,0.0,0.0,11,327,0,1
2025-11-24,0.0,0.0,0.0,Khairpur,GREEN,0.0,0.0,0.0,0.0,0.0,0.0,11,328,0,1
2025-11-25,0.0,0.0,0.0,Khairpur,GREEN,0.0,0.0,0.0,0.0,0.0,0.0,11,329,0,1
2025-11-26,0.0,0.0,0.0,Khairpur,GREEN,0.0,0.0,0.0,0.0,0.0,0.0,11,330,0,1
2025-11-27,0.0,0.0,0.0,Khairpur,GREEN,0.0,0.0,0.0,0.0,0.0,0.0,11,331,0,1
2025-11-28,0.0,0.0,0.0,Khairpur,GREEN,0.0,0.0,0.0,0.0,0.0,0.0,11,332,0,1
2025-11-29,0.0,0.0,0.0,Khairpur,GREEN,0.0,0.0,0.0,0.0,0.0,0.0,11,333,0,1
2025-11-30,0.0,0.0,0.0,Khairpur,GREEN,0.0,0.0,0.0,0.0,0.0,0.0,11,334,0,1
2025-12-01,0.0,0.0,0.0,Khairpur,GREEN,0.0,0.0,0.0,0.0,0.0,0.0,12,335,0,1
2025-12-02,0.0,0.0,0.0,Khairpur,GREEN,0.0,0.0,0.0,0.0,0.0,0.0,12,336,0,1
2025-12-03,0.0,0.0,0.0,Khairpur,GREEN,0.0,0.0,0.0,0.0,0.0,0.0,12,337,0,1
2025-12-04,0.0,0.0,0.0,Khairpur,GREEN,0.0,0.0,0.0,0.0,0.0,0.0,12,338,0,1
2025-12-05,0.0,0.0,0.0,Khairpur,GREEN,0.0,0.0,0.0,0.0,0.0,0.0,12,339,0,1
2025-12-06,0.0,0.0,0.0,Khairpur,GREEN,0.0,0.0,0.0,0.0,0.0,0.0,12,340,0,1
2025-08-09,,,1.2181964,Sargodha,GREEN,,,,,,,8,221,1,2
2025-08-10,,,1.2029264,Sargodha,GREEN,,,1.2181964,,,,8,222,1,2
2025-08-11,,,1.2181964,Sargodha,GREEN,,,1.2029264,,,,8,223,1,2
2025-08-12,,,1.2646441,Sargodha,GREEN,,,1.2181964,1.2181964,,,8,224,1,2
2025-08-13,,,1.1727014,Sargodha,GREEN,,,1.2646441,1.2029264,,,8,225,1,2
2025-08-14,,,1.1727014,Sargodha,GREEN,,,1.1727014,1.2181964,,,8,226,1,2
2025-08-15,,,1.1727014,Sargodha,GREEN,,,1.1727014,1.2646441,,1.2031525,8,227,1,2
2025-08-16,,,1.1877615,Sargodha,GREEN,,,1.1727014,1.1727014,,1.198804657142857,8,228,1,2
2025-08-17,,,1.3280914,Sargodha,GREEN,,,1.1877615,1.1727014,,1.2166853714285715,8,229,1,2
2025-08-18,,,2.2359364,Sargodha,GREEN,,,1.3280914,1.1727014,,1.3620768,8,230,1,2
2025-08-19,,,3.518559,Sargodha,GREEN,,,2.2359364,1.1877615,,1.6840646428571429,8,231,1,2
2025-08-20,,,2.4833732,Sargodha,GREEN,,,3.518559,1.3280914,,1.8713034714285715,8,232,1,2
2025-08-21,,,2.4673686,Sargodha,GREEN,,,2.4833732,2.2359364,,2.0562559285714284,8,233,1,2
2025-08-22,,,2.0902956,Sargodha,GREEN,,,2.4673686,3.518559,,2.1873408142857143,8,234,1,2
2025-08-23,,,1.8906798,Sargodha,GREEN,,,2.0902956,2.4833732,,2.287757714285714,8,235,1,2
2025-08-24,,,1.9241524,Sargodha,GREEN,,,1.8906798,2.4673686,,2.372909285714286,8,236,1,2
2025-08-25,,,2.4040818,Sargodha,GREEN,,,1.9241524,2.0902956,,2.3969300571428573,8,237,1,2
2025-08-26,,,2.4197943,Sargodha,GREEN,,,2.4040818,1.8906798,,2.2399636714285713,8,238,1,2
2025-08-27,,,1.9853826,Sargodha,GREEN,,,2.4197943,1.9241524,,2.168822157142857,8,239,1,2
2025-08-28,,,1.7989812,Sargodha,GREEN,,,1.9853826,2.4040818,,2.073338242857143,8,240,1,2
2025-08-29,,,1.837919,Sargodha,GREEN,,,1.7989812,2.4197943,,2.037284442857143,8,241,1,2
2025-08-30,,,2.250873,Sargodha,GREEN,,,1.837919,1.9853826,,2.0887406142857143,8,242,1,2
2025-08-31,,,3.2461958,Sargodha,GREEN,,,2.250873,1.7989812,,2.2776039571428575,8,243,1,2
2025-09-01,,,3.0926065,Sargodha,GREEN,,,3.2461958,1.837919,,2.3759646285714284,9,244,1,2
2025-09-02,,,2.6057863,Sargodha,GREEN,,,3.0926065,2.250873,,2.4025349142857144,9,245,1,2
2025-09-03,,,2.5075188,Sargodha,GREEN,,,2.6057863,3.2461958,,2.4771258,9,246,1,2
2025-09-04,,,2.2658782,Sargodha,GREEN,,,2.5075188,3.0926065,,2.5438253714285715,9,247,1,2
2025-09-05,0.0,0.0,1.9922647,Sargodha,GREEN,,,2.2658782,2.6057863,,2.5658747571428573,9,248,1,2
2025-09-06,0.0,0.0,1.7989812,Sargodha,GREEN,0.0,,1.9922647,2.5075188,,2.5013187857142856,9,249,1,2
2025-09-07,0.0,0.0,1.6668587,Sargodha,GREEN,0.0,,1.7989812,2.2658782,0.0,2.2756992000000005,9,250,1,2
2025-09-08,0.0,0.0,1.9785166,Sargodha,GREEN,0.0,0.0,1.6668587,1.9922647,0.0,2.1165435,9,251,1,2
2025-09-09,0.0,0.0,2.0760968,Sargodha,GREEN,0.0,0.0,1.9785166,1.7989812,0.0,2.0408735714285715,9,252,1,2
2025-09-10,0.0,0.0,1.6546056,Sargodha,GREEN,0.0,0.0,2.0760968,1.6668587,0.0,1.9190288285714285,9,253,1,2
2025-09-11,0.0,0.0,2.2960973,Sargodha,GREEN,0.0,0.0,1.6546056,1.9785166,0.0,1.9233458428571428,9,254,1,2
2025-09-12,0.0,0.0,2.0338912,Sargodha,GREEN,0.0,0.0,2.2960973,2.0760968,0.0,1.9292924857142855,9,255,1,2
2025-09-13,0.0,0.0,1.8183827,Sargodha,GREEN,0.0,0.0,2.0338912,1.6546056,0.0,1.9320641285714284,9,256,1,2
2025-09-14,0.0,0.0,1.6791685,Sargodha,GREEN,0.0,0.0,1.8183827,2.2960973,0.0,1.9338226714285713,9,257,1,2
2025-09-15,0.0,0.0,1.5882127,Sargodha,GREEN,0.0,0.0,1.6791685,2.0338912,0.0,1.8780649714285715,9,258,1,2
2025-09-16,0.0,0.0,1.5061092,Sargodha,GREEN,0.0,0.0,1.5882127,1.8183827,0.0,1.7966381714285713,9,259,1,2
2025-09-17,0.0,0.0,1.4603677,Sargodha,GREEN,0.0,0.0,1.5061092,1.6791685,0.0,1.7688898999999998,9,260,1,2
2025-09-18,0.0,0.0,1.432204,Sargodha,GREEN,0.0,0.0,1.4603677,1.5882127,0.0,1.6454765714285713,9,261,1,2
2025-09-19,0.0,0.0,1.5176768,Sargodha,GREEN,0.0,0.0,1.432204,1.5061092,0.0,1.571731657142857,9,262,1,2
2025-09-20,0.0,0.0,1.5468302,Sargodha,GREEN,0.0,0.0,1.5176768,1.4603677,0.0,1.5329384428571429,9,263,1,2
2025-09-21,0.0,0.0,1.5234809,Sargodha,GREEN,0.0,0.0,1.5468302,1.432204,0.0,1.5106973571428572,9,264,1,2
2025-09-22,0.0,0.0,1.3280914,Sargodha,GREEN,0.0,0.0,1.5234809,1.5176768,0.0,1.4735371714285714,9,265,1,2
2025-09-23,0.0,0.0,1.3280914,Sargodha,GREEN,0.0,0.0,1.3280914,1.5468302,0.0,1.448106057142857,9,266,1,2
2025-09-24,0.0,0.0,1.3067472,Sargodha,GREEN,0.0,0.0,1.3280914,1.5234809,0.0,1.4261602714285715,9,267,1,2
2025-09-25,0.0,0.0,1.2908678,Sargodha,GREEN,0.0,0.0,1.3067472,1.3280914,0.0,1.4059693857142859,9,268,1,2
2025-09-26,0.0,0.0,1.3227367,Sargodha,GREEN,0.0,0.0,1.2908678,1.3280914,0.0,1.3781208,9,269,1,2
2025-09-27,0.0,0.0,1.3067472,Sargodha,GREEN,0.0,0.0,1.3227367,1.3067472,0.0,1.3438232285714287,9,270,1,2
2025-09-28,0.0,0.0,1.2594359,Sargodha,GREEN,0.0,0.0,1.3067472,1.2908678,0.0,1.3061025142857141,9,271,1,2
2025-09-29,0.0,0.0,1.2490547,Sargodha,GREEN,0.0,0.0,1.2594359,1.3227367,0.0,1.2948115571428571,9,272,1,2
2025-09-30,0.0,0.0,1.243882,Sargodha,GREEN,0.0,0.0,1.2490547,1.3067472,0.0,1.2827816428571428,9,273,1,2
2025-10-01,0.2,0.0,1.2335722,Sargodha,GREEN,0.0,0.0,1.243882,1.2594359,0.0,1.2723280714285714,10,274,0,2
2025-10-02,1.9,0.0,1.228435,Sargodha,GREEN,0.0,0.0,1.2335722,1.2490547,0.0,1.2634091,10,275,0,2
2025-10-03,6.1,0.0,1.1727014,Sargodha,GREEN,0.0,0.0,1.228435,1.243882,0.0,1.241975485714286,10,276,0,2
2025-10-04,9.4,0.0,1.133045,Sargodha,GREEN,0.0,0.0,1.1727014,1.2335722,0.0,1.2171608857142857,10,277,0,2
2025-10-05,0.7,0.0,1.5468302,Sargodha,GREEN,0.0,0.0,1.133045,1.228435,0.0,1.2582172142857144,10,278,0,2
2025-10-06,7.2,0.0,1.5003455,Sargodha,GREEN,0.0,0.0,1.5468302,1.1727014,0.0,1.2941159,10,279,0,2
2025-10-07,0.0,0.0,2.784426,Sargodha,GREEN,0.0,0.0,1.5003455,1.133045,0.0,1.5141936142857142,10,280,0,2
2025-10-08,0.0,0.0,3.59198,Sargodha,GREEN,0.0,0.0,2.784426,1.5468302,0.0,1.8511090142857145,10,281,0,2
2025-10-09,0.0,0.0,2.0902956,Sargodha,GREEN,0.0,0.0,3.59198,1.5003455,0.0,1.974231957142857,10,282,0,2
2025-10-10,0.0,0.0,1.837919,Sargodha,GREEN,0.0,0.0,2.0902956,2.784426,0.0,2.069263042857143,10,283,0,2
2025-10-11,0.0,0.0,1.6485002,Sargodha,GREEN,0.0,0.0,1.837919,3.59198,0.0,2.1428995,10,284,0,2
2025-10-12,0.0,0.0,1.5176768,Sargodha,GREEN,0.0,0.0,1.6485002,2.0902956,0.0,2.138734728571429,10,285,0,2
2025-10-13,0.0,0.0,1.4154608,Sargodha,GREEN,0.0,0.0,1.5176768,1.837919,0.0,2.126608342857143,10,286,0,2
2025-10-14,0.0,0.0,1.3604782,Sargodha,GREEN,0.0,0.0,1.4154608,1.6485002,0.0,1.9231872285714284,10,287,0,2
2025-10-15,0.0,0.0,1.3120646,Sargodha,GREEN,0.0,0.0,1.3604782,1.5176768,0.0,1.5974850285714286,10,288,0,2
2025-10-16,0.0,0.0,1.2594359,Sargodha,GREEN,0.0,0.0,1.3120646,1.4154608,0.0,1.478790785714286,10,289,0,2
2025-10-17,0.0,0.0,1.2130947,Sargodha,GREEN,0.0,0.0,1.2594359,1.3604782,0.0,1.3895301714285713,10,290,0,2
2025-10-18,0.0,0.0,1.1627185,Sargodha,GREEN,0.0,0.0,1.2130947,1.3120646,0.0,1.3201327857142857,10,291,0,2
2025-10-19,0.0,0.0,1.1232445,Sargodha,GREEN,0.0,0.0,1.1627185,1.2594359,0.0,1.2637853142857143,10,292,0,2
2025-10-20,0.0,0.0,1.0941124,Sargodha,GREEN,0.0,0.0,1.1232445,1.2130947,0.0,1.2178784,10,293,0,2
2025-10-21,0.0,0.0,1.0606298,Sargodha,GREEN,0.0,0.0,1.0941124,1.1627185,0.0,1.1750429142857144,10,294,0,2
2025-10-22,0.0,0.0,1.0370419,Sargodha,GREEN,0.0,0.0,1.0606298,1.1232445,0.0,1.1357539571428572,10,295,0,2
2025-10-23,0.0,0.0,1.0090928,Sargodha,GREEN,0.0,0.0,1.0370419,1.0941124,0.0,1.099990657142857,10,296,0,2
2025-10-24,0.0,0.0,0.9906733,Sargodha,GREEN,0.0,0.0,1.0090928,1.0606298,0.0,1.0682161714285714,10,297,0,2
2025-10-25,0.0,0.0,0.99986184,Sargodha,GREEN,0.0,0.0,0.9906733,1.0370419,0.0,1.0449509342857142,10,298,0,2
2025-10-26,0.0,0.0,1.032357,Sargodha,GREEN,0.0,0.0,0.99986184,1.0090928,0.0,1.0319670057142856,10,299,0,2
2025-10-27,0.0,0.0,1.0796967,Sargodha,GREEN,0.0,0.0,1.032357,0.9906733,0.0,1.02990762,10,300,0,2
2025-10-28,0.0,0.0,1.1183612,Sargodha,GREEN,0.0,0.0,1.0796967,0.99986184,0.0,1.0381549628571427,10,301,0,2
2025-10-29,0.0,0.0,1.1627185,Sargodha,GREEN,0.0,0.0,1.1183612,1.032357,0.0,1.0561087628571428,10,302,0,2
2025-10-30,0.0,0.0,1.2130947,Sargodha,GREEN,0.0,0.0,1.1627185,1.0796967,0.0,1.0852518914285714,10,303,0,2
2025-10-31,0.0,0.0,1.2594359,Sargodha,GREEN,0.0,0.0,1.2130947,1.1183612,0.0,1.1236465485714286,10,304,0,2
2025-11-01,0.0,0.0,1.2961485,Sargodha,GREEN,0.0,0.0,1.2594359,1.1627185,0.0,1.1659732142857142,11,305,0,2
2025-11-02,0.0,0.0,1.3442287,Sargodha,GREEN,0.0,0.0,1.2961485,1.2130947,0.0,1.2105263142857143,11,306,0,2
2025-11-03,0.0,0.0,1.3604782,Sargodha,GREEN,0.0,0.0,1.3442287,1.2594359,0.0,1.250637957142857,11,307,0,2
2025-11-04,0.0,0.0,1.3496327,Sargodha,GREEN,0.0,0.0,1.3604782,1.2961485,0.0,1.2836767428571427,11,308,0,2
2025-11-05,0.0,0.0,1.3227367,Sargodha,GREEN,0.0,0.0,1.3496327,1.3442287,0.0,1.3065364857142856,11,309,0,2
2025-11-06,0.0,0.0,1.2961485,Sargodha,GREEN,0.0,0.0,1.3227367,1.3604782,0.0,1.3184013142857143,11,310,0,2
2025-11-07,0.0,0.0,1.2646441,Sargodha,GREEN,0.0,0.0,1.2961485,1.3496327,0.0,1.3191453428571427,11,311,0,2
2025-11-08,0.0,0.0,1.2335722,Sargodha,GREEN,0.0,0.0,1.2646441,1.3227367,0.0,1.3102058714285716,11,312,0,2
2025-11-09,0.0,0.0,1.2029264,Sargodha,GREEN,0.0,0.0,1.2335722,1.2961485,0.0,1.2900198285714286,11,313,0,2
2025-11-10,0.0,0.0,1.1777098,Sargodha,GREEN,0.0,0.0,1.2029264,1.2646441,0.0,1.263910057142857,11,314,0,2
2025-11-11,0.0,0.0,1.1478305,Sargodha,GREEN,0.0,0.0,1.1777098,1.2335722,0.0,1.2350811714285714,11,315,0,2
2025-11-12,0.0,0.0,1.1232445,Sargodha,GREEN,0.0,0.0,1.1478305,1.2029264,0.0,1.2065822857142856,11,316,0,2
2025-11-13,0.0,0.0,1.0941124,Sargodha,GREEN,0.0,0.0,1.1232445,1.1777098,0.0,1.1777199857142857,11,317,0,2
2025-11-14,0.0,0.0,1.0701413,Sargodha,GREEN,0.0,0.0,1.0941124,1.1478305,0.0,1.1499338714285714,11,318,0,2
2025-11-15,0.0,0.0,1.0464447,Sargodha,GREEN,0.0,0.0,1.0701413,1.1232445,0.0,1.1232013714285713,11,319,0,2
2025-11-16,0.0,0.0,1.0230191,Sargodha,GREEN,0.0,0.0,1.0464447,1.0941124,0.0,1.0975003285714284,11,320,0,2
2025-11-17,0.0,0.0,0.99986184,Sargodha,GREEN,0.0,0.0,1.0230191,1.0701413,0.0,1.072093477142857,11,321,0,2
2025-11-18,0.0,0.0,0.98609495,Sargodha,GREEN,0.0,0.0,0.99986184,1.0464447,0.0,1.0489883985714286,11,322,0,2
2025-11-19,0.0,0.0,0.95884466,Sargodha,GREEN,0.0,0.0,0.98609495,1.0230191,0.0,1.025502707142857,11,323,0,2
2025-11-20,0.0,0.0,0.936422,Sargodha,GREEN,0.0,0.0,0.95884466,0.99986184,0.0,1.0029755071428572,11,324,0,2
2025-11-21,0.0,0.0,0.92309177,Sargodha,GREEN,0.0,0.0,0.936422,0.98609495,0.0,0.9819684314285714,11,325,0,2
2025-11-22,0.0,0.0,0.89670587,Sargodha,GREEN,0.0,0.0,0.92309177,0.95884466,0.0,0.96057717,11,326,0,2
2025-11-23,0.0,0.0,0.8836491,Sargodha,GREEN,0.0,0.0,0.89670587,0.936422,0.0,0.94066717,11,327,0,2
2025-11-24,0.0,0.0,0.86637974,Sargodha,GREEN,0.0,0.0,0.8836491,0.92309177,0.0,0.9215982985714286,11,328,0,2
2025-11-25,0.0,0.0,0.8578044,Sargodha,GREEN,0.0,0.0,0.86637974,0.89670587,0.0,0.903271077142857,11,329,0,2
2025-11-26,0.0,0.0,0.8535316,Sargodha,GREEN,0.0,0.0,0.8578044,0.8836491,0.0,0.8882263542857142,11,330,0,2
2025-11-27,0.0,0.0,0.8535316,Sargodha,GREEN,0.0,0.0,0.8535316,0.86637974,0.0,0.8763848685714286,11,331,0,2
2025-11-28,0.0,0.0,0.8535316,Sargodha,GREEN,0.0,0.0,0.8535316,0.8578044,0.0,0.8664477014285714,11,332,0,2
2025-11-29,0.0,0.0,0.8450154,Sargodha,GREEN,0.0,0.0,0.8535316,0.8535316,0.0,0.8590633485714285,11,333,0,2
2025-11-30,0.0,0.0,0.8450154,Sargodha,GREEN,0.0,0.0,0.8450154,0.8535316,0.0,0.8535442485714285,11,334,0,2
2025-12-01,0.0,0.0,0.8450154,Sargodha,GREEN,0.0,0.0,0.8450154,0.8535316,0.0,0.8504922,12,335,0,2
2025-12-02,0.0,0.0,0.8450154,Sargodha,GREEN,0.0,0.0,0.8450154,0.8450154,0.0,0.8486652,12,336,0,2
2025-12-03,0.0,0.0,0.8113401,Sargodha,GREEN,0.0,0.0,0.8450154,0.8450154,0.0,0.8426378428571429,12,337,0,2
2025-12-04,0.0,0.0,0.7660378,Sargodha,GREEN,0.0,0.0,0.8113401,0.8450154,0.0,0.8301387285714286,12,338,0,2
2025-12-05,0.0,0.0,0.733804,Sargodha,GREEN,0.0,0.0,0.7660378,0.8450154,0.0,0.8130347857142857,12,339,0,2
2025-12-06,0.0,0.0,0.7179084,Sargodha,GREEN,0.0,0.0,0.733804,0.8113401,0.0,0.7948766428571429,12,340,0,2
2025-08-09,,,10863.251,Sukkur,RED,,,,,,,8,221,1,3
2025-08-10,,,10963.781,Sukkur,RED,,,10863.251,,,,8,222,1,3
2025-08-11,,,10963.781,Sukkur,RED,,,10963.781,,,,8,223,1,3
2025-08-12,,,10542.863,Sukkur,RED,,,10963.781,10863.251,,,8,224,1,3
2025-08-13,,,10068.312,Sukkur,RED,,,10542.863,10963.781,,,8,225,1,3
2025-08-14,,,9637.289,Sukkur,RED,,,10068.312,10963.781,,,8,226,1,3
2025-08-15,,,9353.056,Sukkur,RED,,,9637.289,10542.863,,10341.761857142857,8,227,1,3
2025-08-16,,,9224.713,Sukkur,RED,,,9353.056,10068.312,,10107.685,8,228,1,3
2025-08-17,,,9245.983,Sukkur,RED,,,9224.713,9637.289,,9862.285285714286,8,229,1,3
2025-08-18,,,9439.606,Sukkur,RED,,,9245.983,9353.056,,9644.546,8,230,1,3
2025-08-19,,,9861.794,Sukkur,RED,,,9439.606,9224.713,,9547.250428571428,8,231,1,3
2025-08-20,,,10494.422,Sukkur,RED,,,9861.794,9245.983,,9608.123285714286,8,232,1,3
2025-08-21,,,11193.373,Sukkur,RED,,,10494.422,9439.606,,9830.421,8,233,1,3
2025-08-22,,,12021.643,Sukkur,RED,,,11193.373,9861.794,,10211.647714285715,8,234,1,3
2025-08-23,,,12588.251,Sukkur,RED,,,12021.643,10494.422,,10692.153142857143,8,235,1,3
2025-08-24,,,12501.594,Sukkur,RED,,,12588.251,11193.373,,11157.24042857143,8,236,1,3
2025-08-25,,,11884.017,Sukkur,RED,,,12501.594,12021.643,,11506.442,8,237,1,3
2025-08-26,,,11270.976,Sukkur,RED,,,11884.017,12588.251,,11707.753714285715,8,238,1,3
2025-08-27,,,11014.389,Sukkur,RED,,,11270.976,12501.594,,11782.034714285712,8,239,1,3
2025-08-28,,,11375.279,Sukkur,RED,,,11014.389,11884.017,,11808.021285714287,8,240,1,3
2025-08-29,,,13272.949,Sukkur,RED,,,11375.279,11270.976,,11986.779285714287,8,241,1,3
2025-08-30,,,16518.615,Sukkur,RED,,,13272.949,11014.389,,12548.259857142857,8,242,1,3
2025-08-31,,,17781.795,Sukkur,RED,,,16518.615,11375.279,,13302.574285714287,8,243,1,3
2025-09-01,,,16556.695,Sukkur,RED,,,17781.795,13272.949,,13970.099714285714,9,244,1,3
2025-09-02,,,14858.3545,Sukkur,RED,,,16556.695,16518.615,,14482.582357142857,9,245,1,3
2025-09-03,,,13676.293,Sukkur,RED,,,14858.3545,17781.795,,14862.854357142858,9,246,1,3
2025-09-04,,,13151.247,Sukkur,RED,,,13676.293,16556.695,,15116.564071428571,9,247,1,3
2025-09-05,0.0,0.0,13211.95,Sukkur,RED,,,13151.247,14858.3545,,15107.84992857143,9,248,1,3
2025-09-06,0.0,0.0,13930.569,Sukkur,RED,0.0,,13211.95,13676.293,,14738.129071428571,9,249,1,3
2025-09-07,0.0,0.0,14858.3545,Sukkur,RED,0.0,,13930.569,13151.247,0.0,14320.494714285715,9,250,1,3
2025-09-08,0.0,0.0,14858.3545,Sukkur,RED,0.0,0.0,14858.3545,13211.95,0.0,14077.874642857143,9,251,1,3
2025-09-09,0.0,0.0,14091.894,Sukkur,RED,0.0,0.0,14858.3545,13930.569,0.0,13968.380285714287,9,252,1,3
2025-09-10,0.0,0.0,13364.953,Sukkur,RED,0.0,0.0,14091.894,14858.3545,0.0,13923.903142857143,9,253,1,3
2025-09-11,0.0,0.0,12911.194,Sukkur,RED,0.0,0.0,13364.953,14858.3545,0.0,13889.609857142857,9,254,1,3
2025-09-12,0.0,0.0,12588.251,Sukkur,RED,0.0,0.0,12911.194,14091.894,0.0,13800.509999999998,9,255,1,3
2025-09-13,0.0,0.0,12216.993,Sukkur,RED,0.0,0.0,12588.251,13364.953,0.0,13555.713428571427,9,256,1,3
2025-09-14,0.0,0.0,11802.207,Sukkur,RED,0.0,0.0,12216.993,12911.194,0.0,13119.120928571429,9,257,1,3
2025-09-15,0.0,0.0,11375.279,Sukkur,RED,0.0,0.0,11802.207,12588.251,0.0,12621.538714285713,9,258,1,3
2025-09-16,0.0,0.0,11014.389,Sukkur,RED,0.0,0.0,11375.279,12216.993,0.0,12181.895142857144,9,259,1,3
2025-09-17,0.0,0.0,10689.544,Sukkur,RED,0.0,0.0,11014.389,11802.207,0.0,11799.693857142858,9,260,1,3
2025-09-18,0.0,0.0,10398.206,Sukkur,RED,0.0,0.0,10689.544,11375.279,0.0,11440.69557142857,9,261,1,3
2025-09-19,0.0,0.0,10091.533,Sukkur,RED,0.0,0.0,10398.206,11014.389,0.0,11084.021571428573,9,262,1,3
2025-09-20,0.0,0.0,9816.481,Sukkur,RED,0.0,0.0,10091.533,10689.544,0.0,10741.091285714285,9,263,1,3
2025-09-21,0.0,0.0,9570.939,Sukkur,RED,0.0,0.0,9816.481,10398.206,0.0,10422.338714285714,9,264,1,3
2025-09-22,0.0,0.0,9353.056,Sukkur,RED,0.0,0.0,9570.939,10091.533,0.0,10133.449714285714,9,265,1,3
2025-09-23,0.0,0.0,9098.135,Sukkur,RED,0.0,0.0,9353.056,9816.481,0.0,9859.699142857144,9,266,1,3
2025-09-24,0.0,0.0,8891.009,Sukkur,RED,0.0,0.0,9098.135,9570.939,0.0,9602.76557142857,9,267,1,3
2025-09-25,0.0,0.0,8668.618,Sukkur,RED,0.0,0.0,8891.009,9353.056,0.0,9355.681571428571,9,268,1,3
2025-09-26,0.0,0.0,8451.789,Sukkur,RED,0.0,0.0,8668.618,9098.135,0.0,9121.432428571428,9,269,1,3
2025-09-27,0.0,0.0,8221.426,Sukkur,RED,0.0,0.0,8451.789,8891.009,0.0,8893.567428571429,9,270,1,3
2025-09-28,0.0,0.0,8015.7812,Sukkur,RED,0.0,0.0,8221.426,8668.618,0.0,8671.402028571429,9,271,1,3
2025-09-29,0.0,0.0,7779.366,Sukkur,RED,0.0,0.0,8015.7812,8451.789,0.0,8446.589171428572,9,272,1,3
2025-09-30,0.0,0.0,7567.328,Sukkur,RED,0.0,0.0,7779.366,8221.426,0.0,8227.902457142856,9,273,1,3
2025-10-01,0.0,0.0,7361.0728,Sukkur,RED,0.0,0.0,7567.328,8015.7812,0.0,8009.340142857143,10,274,0,3
2025-10-02,0.0,0.0,7160.4346,Sukkur,RED,0.0,0.0,7361.0728,7779.366,0.0,7793.885371428572,10,275,0,3
2025-10-03,0.0,0.0,6965.264,Sukkur,RED,0.0,0.0,7160.4346,7567.328,0.0,7581.524657142857,10,276,0,3
2025-10-04,0.0,0.0,6759.8286,Sukkur,RED,0.0,0.0,6965.264,7361.0728,0.0,7372.725028571428,10,277,0,3
2025-10-05,0.0,0.0,6560.451,Sukkur,RED,0.0,0.0,6759.8286,7160.4346,0.0,7164.8207142857145,10,278,0,3
2025-10-06,0.0,0.0,6366.9536,Sukkur,RED,0.0,0.0,6560.451,6965.264,0.0,6963.047514285715,10,279,0,3
2025-10-07,0.0,0.0,6207.69,Sukkur,RED,0.0,0.0,6366.9536,6759.8286,0.0,6768.8135142857145,10,280,0,3
2025-10-08,0.0,0.0,6080.349,Sukkur,RED,0.0,0.0,6207.69,6560.451,0.0,6585.8529714285705,10,281,0,3
2025-10-09,0.0,0.0,6066.3633,Sukkur,RED,0.0,0.0,6080.349,6366.9536,0.0,6429.557071428571,10,282,0,3
2025-10-10,0.0,0.0,6265.1377,Sukkur,RED,0.0,0.0,6066.3633,6207.69,0.0,6329.539028571429,10,283,0,3
2025-10-11,0.0,0.0,6530.306,Sukkur,RED,0.0,0.0,6265.1377,6080.349,0.0,6296.750085714286,10,284,0,3
2025-10-12,0.0,0.0,6545.3613,Sukkur,RED,0.0,0.0,6530.306,6066.3633,0.0,6294.594414285714,10,285,0,3
2025-10-13,0.0,0.0,6352.309,Sukkur,RED,0.0,0.0,6545.3613,6265.1377,0.0,6292.502328571428,10,286,0,3
2025-10-14,0.0,0.0,6193.4116,Sukkur,RED,0.0,0.0,6352.309,6530.306,0.0,6290.462557142858,10,287,0,3
2025-10-15,0.0,0.0,6052.4097,Sukkur,RED,0.0,0.0,6193.4116,6545.3613,0.0,6286.471228571429,10,288,0,3
2025-10-16,0.0,0.0,5941.9204,Sukkur,RED,0.0,0.0,6052.4097,6352.309,0.0,6268.693671428571,10,289,0,3
2025-10-17,0.0,0.0,5873.894,Sukkur,RED,0.0,0.0,5941.9204,6193.4116,0.0,6212.801714285714,10,290,0,3
2025-10-18,0.0,0.0,5846.9004,Sukkur,RED,0.0,0.0,5873.894,6052.4097,0.0,6115.172342857143,10,291,0,3
2025-10-19,0.0,0.0,5793.287,Sukkur,RED,0.0,0.0,5846.9004,5941.9204,0.0,6007.733157142858,10,292,0,3
2025-10-20,0.0,0.0,5700.643,Sukkur,RED,0.0,0.0,5793.287,5873.894,0.0,5914.638014285715,10,293,0,3
2025-10-21,0.0,0.0,5583.7017,Sukkur,RED,0.0,0.0,5700.643,5846.9004,0.0,5827.536599999999,10,294,0,3
2025-10-22,0.0,0.0,5444.0273,Sukkur,RED,0.0,0.0,5583.7017,5793.287,0.0,5740.624828571429,10,295,0,3
2025-10-23,0.0,0.0,5307.8433,Sukkur,RED,0.0,0.0,5444.0273,5700.643,0.0,5650.042385714286,10,296,0,3
2025-10-24,0.0,0.0,5186.9995,Sukkur,RED,0.0,0.0,5307.8433,5583.7017,0.0,5551.914599999999,10,297,0,3
2025-10-25,0.0,0.0,5045.614,Sukkur,RED,0.0,0.0,5186.9995,5444.0273,0.0,5437.445114285714,10,298,0,3
2025-10-26,0.0,0.0,4919.3945,Sukkur,RED,0.0,0.0,5045.614,5307.8433,0.0,5312.603328571428,10,299,0,3
2025-10-27,0.0,0.0,4807.3926,Sukkur,RED,0.0,0.0,4919.3945,5186.9995,0.0,5184.996128571429,10,300,0,3
2025-10-28,0.0,0.0,4697.9404,Sukkur,RED,0.0,0.0,4807.3926,5045.614,0.0,5058.4588,10,301,0,3
2025-10-29,0.0,0.0,4601.567,Sukkur,RED,0.0,0.0,4697.9404,4919.3945,0.0,4938.107328571429,10,302,0,3
2025-10-30,0.0,0.0,4517.559,Sukkur,RED,0.0,0.0,4601.567,4807.3926,0.0,4825.209571428571,10,303,0,3
2025-10-31,0.0,0.0,4445.3125,Sukkur,RED,0.0,0.0,4517.559,4697.9404,0.0,4719.254285714285,10,304,0,3
2025-11-01,0.0,0.0,4374.221,Sukkur,RED,0.0,0.0,4445.3125,4601.567,0.0,4623.340999999999,11,305,0,3
2025-11-02,0.0,0.0,4304.2666,Sukkur,RED,0.0,0.0,4374.221,4517.559,0.0,4535.465585714286,11,306,0,3
2025-11-03,0.0,0.0,4235.4307,Sukkur,RED,0.0,0.0,4304.2666,4445.3125,0.0,4453.756742857143,11,307,0,3
2025-11-04,0.0,0.0,4177.304,Sukkur,RED,0.0,0.0,4235.4307,4374.221,0.0,4379.380114285714,11,308,0,3
2025-11-05,0.0,0.0,4110.498,Sukkur,RED,0.0,0.0,4177.304,4304.2666,0.0,4309.2274,11,309,0,3
2025-11-06,0.0,0.0,4054.0857,Sukkur,RED,0.0,0.0,4110.498,4235.4307,0.0,4243.016928571428,11,310,0,3
2025-11-07,0.0,0.0,3989.2498,Sukkur,RED,0.0,0.0,4054.0857,4177.304,0.0,4177.865114285714,11,311,0,3
2025-11-08,0.0,0.0,3925.4502,Sukkur,RED,0.0,0.0,3989.2498,4110.498,0.0,4113.755,11,312,0,3
2025-11-09,0.0,0.0,3853.7832,Sukkur,RED,0.0,0.0,3925.4502,4054.0857,0.0,4049.400228571429,11,313,0,3
2025-11-10,0.0,0.0,3792.15,Sukkur,RED,0.0,0.0,3853.7832,3989.2498,0.0,3986.0744142857143,11,314,0,3
2025-11-11,0.0,0.0,3722.918,Sukkur,RED,0.0,0.0,3792.15,3925.4502,0.0,3921.1621285714286,11,315,0,3
2025-11-12,0.0,0.0,3654.9475,Sukkur,RED,0.0,0.0,3722.918,3853.7832,0.0,3856.083485714286,11,316,0,3
2025-11-13,0.0,0.0,3596.4934,Sukkur,RED,0.0,0.0,3654.9475,3792.15,0.0,3790.7131571428577,11,317,0,3
2025-11-14,0.0,0.0,3530.8325,Sukkur,RED,0.0,0.0,3596.4934,3722.918,0.0,3725.2249714285717,11,318,0,3
2025-11-15,0.0,0.0,3466.3682,Sukkur,RED,0.0,0.0,3530.8325,3654.9475,0.0,3659.6418285714285,11,319,0,3
2025-11-16,0.0,0.0,3403.0825,Sukkur,RED,0.0,0.0,3466.3682,3596.4934,0.0,3595.256014285714,11,320,0,3
2025-11-17,0.0,0.0,3325.5962,Sukkur,RED,0.0,0.0,3403.0825,3530.8325,0.0,3528.6054714285715,11,321,0,3
2025-11-18,0.0,0.0,3249.8735,Sukkur,RED,0.0,0.0,3325.5962,3466.3682,0.0,3461.027685714286,11,322,0,3
2025-11-19,0.0,0.0,3175.8748,Sukkur,RED,0.0,0.0,3249.8735,3403.0825,0.0,3392.588728571428,11,323,0,3
2025-11-20,0.0,0.0,3110.7166,Sukkur,RED,0.0,0.0,3175.8748,3325.5962,0.0,3323.1920428571425,11,324,0,3
2025-11-21,0.0,0.0,3039.8853,Sukkur,RED,0.0,0.0,3110.7166,3249.8735,0.0,3253.0567285714287,11,325,0,3
2025-11-22,0.0,0.0,2970.6663,Sukkur,RED,0.0,0.0,3039.8853,3175.8748,0.0,3182.2421714285715,11,326,0,3
2025-11-23,0.0,0.0,2903.023,Sukkur,RED,0.0,0.0,2970.6663,3110.7166,0.0,3110.8051,11,327,0,3
2025-11-24,0.0,0.0,2843.4612,Sukkur,RED,0.0,0.0,2903.023,3039.8853,0.0,3041.9286714285713,11,328,0,3
2025-11-25,0.0,0.0,2778.7134,Sukkur,RED,0.0,0.0,2843.4612,2970.6663,0.0,2974.620085714286,11,329,0,3
2025-11-26,0.0,0.0,2721.701,Sukkur,RED,0.0,0.0,2778.7134,2903.023,0.0,2909.738114285715,11,330,0,3
2025-11-27,0.0,0.0,2672.0066,Sukkur,RED,0.0,0.0,2721.701,2843.4612,0.0,2847.0652571428573,11,331,0,3
2025-11-28,0.0,0.0,2617.1829,Sukkur,RED,0.0,0.0,2672.0066,2778.7134,0.0,2786.6792,11,332,0,3
2025-11-29,0.0,0.0,2563.4836,Sukkur,RED,0.0,0.0,2617.1829,2721.701,0.0,2728.510242857143,11,333,0,3
2025-11-30,0.0,0.0,2522.4805,Sukkur,RED,0.0,0.0,2563.4836,2672.0066,0.0,2674.1470285714286,11,334,0,3
2025-12-01,0.0,0.0,2476.4224,Sukkur,RED,0.0,0.0,2522.4805,2617.1829,0.0,2621.7129142857148,12,335,0,3
2025-12-02,0.0,0.0,2431.2036,Sukkur,RED,0.0,0.0,2476.4224,2563.4836,0.0,2572.068657142857,12,336,0,3
2025-12-03,0.0,0.0,2386.8113,Sukkur,RED,0.0,0.0,2431.2036,2522.4805,0.0,2524.2272714285714,12,337,0,3
2025-12-04,0.0,0.0,2348.633,Sukkur,RED,0.0,0.0,2386.8113,2476.4224,0.0,2478.031042857143,12,338,0,3
2025-12-05,0.0,0.0,2305.7468,Sukkur,RED,0.0,0.0,2348.633,2431.2036,0.0,2433.5401714285717,12,339,0,3
2025-12-06,0.0,0.0,2268.8645,Sukkur,RED,0.0,0.0,2305.7468,2386.8113,0.0,2391.4517285714287,12,340,0,3
